id,caderno,tipo,formato,estilo,duracao,persona,arquivo
c1_A1,1,audio,deep-dive,,long,professor_aluno,prompts/c1_A1_deepdive.txt
c1_A2,1,audio,deep-dive,,long,pastor_convertido,prompts/c1_A2_deepdive.txt
c1_A3,1,audio,deep-dive,,long,historiador_sistematico,prompts/c1_A3_deepdive.txt
c1_A4,1,audio,debate,,default,defensor_x_objecao,prompts/c1_A4_debate.txt
c1_V1,1,video,explainer,classic,,video_linear,prompts/c1_V1_video_explainer.txt
c1_V2,1,video,explainer,whiteboard,,video_quadro,prompts/c1_V2_video_explainer.txt
c2_A1,2,audio,deep-dive,,long,pastor_convertido,prompts/c2_A1_deepdive.txt
c2_A2,2,audio,deep-dive,,long,exegeta_doutorando,prompts/c2_A2_deepdive.txt
c2_A3,2,audio,deep-dive,,long,pregador_ouvinte,prompts/c2_A3_deepdive.txt
c2_A4,2,audio,debate,,default,defensor_x_objecao,prompts/c2_A4_debate.txt
c2_V1,2,video,brief,classic,,video_resumo,prompts/c2_V1_video_brief.txt
c2_V2,2,video,cinematic,,,video_narrativa,prompts/c2_V2_video_cinematic.txt
c3_A1,3,audio,deep-dive,,long,exegeta_doutorando,prompts/c3_A1_deepdive.txt
c3_A2,3,audio,deep-dive,,long,professor_aluno,prompts/c3_A2_deepdive.txt
c3_A3,3,audio,deep-dive,,long,mentora_estudante,prompts/c3_A3_deepdive.txt
c3_A4,3,audio,debate,,default,defensor_x_objecao,prompts/c3_A4_debate.txt
c3_V1,3,video,explainer,whiteboard,,video_quadro,prompts/c3_V1_video_explainer.txt
c3_V2,3,video,brief,classic,,video_resumo,prompts/c3_V2_video_brief.txt
c4_A1,4,audio,deep-dive,,long,historiador_sistematico,prompts/c4_A1_deepdive.txt
c4_A2,4,audio,deep-dive,,long,pregador_ouvinte,prompts/c4_A2_deepdive.txt
c4_A3,4,audio,deep-dive,,long,pastor_convertido,prompts/c4_A3_deepdive.txt
c4_A4,4,audio,debate,,default,defensor_x_objecao,prompts/c4_A4_debate.txt
c4_V1,4,video,cinematic,,,video_narrativa,prompts/c4_V1_video_cinematic.txt
c4_V2,4,video,explainer,classic,,video_linear,prompts/c4_V2_video_explainer.txt
